Exames,0.3,0.3
41,-1,100.000000
42,-1,100.000000
43,-1,100.000000
44,6,74.483000
45,-1,100.000000
46,6,63.827000
47,-1,100.000000
48,-1,100.000000
49,-1,100.000000