Exames,0.9,0.9
11,8,0.015000
12,8,0.015000
13,7,0.000000
14,9,0.140000
15,10,1.375000
16,9,0.734000
17,10,14.062000
18,11,92.905000
19,10,6.641000