Exames,0.5,0.5
31,7,49.375000
32,7,36.984000
33,7,18.390000
34,7,21.061000
35,7,59.875000
36,-1,100.000000
37,7,20.609000
38,-1,100.000000
39,-1,100.000000