Exames,0.7,0.7
21,8,0.703000
22,7,0.062000
23,-1,100.000000
24,8,1.875000
25,9,17.781000
26,-1,100.000000
27,9,14.124000
28,-1,100.000000
29,-1,100.000000