Exames,0.1,0.1
51,4,7.046000
52,-1,100.000000
53,-1,100.000000
54,-1,100.000000
55,-1,100.000000
56,4,18.406000
57,-1,100.000000
58,4,70.219000
59,4,9.702000