Exames,0.1,0.1
51,-1,100.000000
52,-1,100.000000
53,3,26.233000
54,4,32.483000
55,-1,100.000000
56,-1,100.000000
57,4,53.093000
58,4,44.937000
59,4,88.640000