Exames,0.7,0.7
21,8,0.546000
22,8,4.374000
23,9,65.171000
24,9,59.876000
25,-1,100.000000
26,-1,100.000000
27,-1,100.000000
28,9,86.187000
29,-1,100.000000