Exames,0.1,0.1
51,-1,100.000000
52,-1,100.000000
53,3,26.218000
54,4,32.562000
55,-1,100.000000
56,-1,100.000000
57,4,52.421000
58,4,44.264000
59,4,87.046000