Exames,0.5,0.5
31,7,22.233000
32,-1,100.000000
33,-1,100.000000
34,-1,100.000000
35,-1,100.000000
36,-1,100.000000
37,-1,100.000000
38,-1,100.000000
39,-1,100.000000