Exames,0.1,0.1
51,-1,100.000000
52,-1,100.000000
53,-1,100.000000
54,-1,100.000000
55,4,72.890000
56,4,38.624000
57,-1,100.000000
58,4,91.061000
59,4,81.593000