Exames,0.5,0.5
31,7,10.155000
32,7,71.922000
33,7,10.437000
34,7,44.688000
35,7,74.187000
36,-1,100.000000
37,7,89.390000
38,-1,100.000000
39,-1,100.000000