Exames,0.7,0.7
21,8,0.531000
22,8,4.328000
23,9,64.812000
24,9,59.561000
25,-1,100.000000
26,-1,100.000000
27,-1,100.000000
28,9,85.014000
29,-1,100.000000