Exames,0.3,0.3
41,-1,100.000000
42,-1,100.000000
43,6,27.514000
44,-1,100.000000
45,-1,100.000000
46,-1,100.000000
47,-1,100.000000
48,-1,100.000000
49,-1,100.000000