Exames,0.7,0.7
21,8,1.062000
22,7,0.016000
23,-1,100.000000
24,8,2.889000
25,-1,100.000000
26,9,92.093000
27,-1,100.000000
28,-1,100.000000
29,-1,100.000000