Exames,0.9,0.9
11,8,0.062000
12,8,0.015000
13,9,0.453000
14,8,0.015000
15,8,0.031000
16,7,0.000000
17,10,2.593000
18,11,69.702000
19,-1,100.000000