Exames,0.9,0.9
11,8,0.015000
12,8,0.000000
13,9,0.156000
14,8,0.015000
15,8,0.015000
16,7,0.000000
17,10,7.375000
18,11,62.765000
19,-1,100.000000